season,player_id,player_name,team,teams,unit,position_group,war_model,raw_epa,final_epa,raw_war,final_war,rank,volume,volume_type,efficiency,success_rate,source_file,model_version,player_key
2022,00-0033873,P.Mahomes,KC,KC,QB,QB,QB WAR,210.46833992853536,210.46833992853536,4.67707422063412,4.67707422063412,1,677.0,pass_plays,0.2911042046037834,0.5338865836791148,qb_war_2022_2025.csv,offensive_war_v1_2022_2025,00-0033873
2022,00-0034857,J.Allen,BUF,BUF,QB,QB,QB WAR,141.57703189440426,141.57703189440426,3.1461562643200947,3.1461562643200947,2,600.0,pass_plays,0.2174762394691309,0.522273425499232,qb_war_2022_2025.csv,offensive_war_v1_2022_2025,00-0034857
2022,00-0036442,J.Burrow,CIN,CIN,QB,QB,QB WAR,101.14192525113884,101.14192525113884,2.2475983389141967,2.2475983389141967,3,651.0,pass_plays,0.1491768809013847,0.5029498525073747,qb_war_2022_2025.csv,offensive_war_v1_2022_2025,00-0036442
2022,00-0033106,J.Goff,DET,DET,QB,QB,QB WAR,100.48535354100817,100.48535354100817,2.2330078564668483,2.2330078564668483,4,609.0,pass_plays,0.1610342204182823,0.483974358974359,qb_war_2022_2025.csv,offensive_war_v1_2022_2025,00-0033106
2022,00-0036212,T.Tagovailoa,MIA,MIA,QB,QB,QB WAR,93.80422796508762,93.80422796508762,2.084538399224169,2.084538399224169,5,421.0,pass_plays,0.2176432203366302,0.4918793503480278,qb_war_2022_2025.csv,offensive_war_v1_2022_2025,00-0036212
2022,00-0036971,T.Lawrence,JAX,JAX,QB,QB,QB WAR,92.5027540355132,92.5027540355132,2.055616756344738,2.055616756344738,6,615.0,pass_plays,0.144761743404559,0.5039123630672926,qb_war_2022_2025.csv,offensive_war_v1_2022_2025,00-0036971
2022,00-0036389,J.Hurts,PHI,PHI,QB,QB,QB WAR,67.61720093026351,67.61720093026351,1.5026044651169668,1.5026044651169668,7,499.0,pass_plays,0.1247549832661688,0.4649446494464944,qb_war_2022_2025.csv,offensive_war_v1_2022_2025,00-0036389
2022,00-0031345,J.Garoppolo,SF,SF,QB,QB,QB WAR,61.50697438111424,61.50697438111424,1.36682165291365,1.36682165291365,8,326.0,pass_plays,0.1869512899122013,0.4984802431610942,qb_war_2022_2025.csv,offensive_war_v1_2022_2025,00-0031345
2022,00-0037834,B.Purdy,SF,SF,QB,QB,QB WAR,36.90996630578261,36.90996630578261,0.8202214734618358,0.8202214734618358,9,181.0,pass_plays,0.1973794989614043,0.4866310160427807,qb_war_2022_2025.csv,offensive_war_v1_2022_2025,00-0037834
2022,00-0019596,T.Brady,TB,TB,QB,QB,QB WAR,36.88100232199324,36.88100232199324,0.8195778293776276,0.8195778293776276,10,758.0,pass_plays,0.0484002655144268,0.4724409448818897,qb_war_2022_2025.csv,offensive_war_v1_2022_2025,00-0019596
2022,00-0035710,D.Jones,NYG,NYG,QB,QB,QB WAR,34.514226480772535,34.514226480772535,0.7669828106838341,0.7669828106838341,11,514.0,pass_plays,0.0607644832407967,0.4823943661971831,qb_war_2022_2025.csv,offensive_war_v1_2022_2025,00-0035710
2022,00-0033077,D.Prescott,DAL,DAL,QB,QB,QB WAR,34.026081148698154,34.026081148698154,0.7561351366377368,0.7561351366377368,12,414.0,pass_plays,0.0793148744724898,0.4965034965034965,qb_war_2022_2025.csv,offensive_war_v1_2022_2025,00-0033077
2022,00-0033119,J.Brissett,CLE,CLE,QB,QB,QB WAR,31.391193198685546,31.391193198685546,0.6975820710819011,0.6975820710819011,13,391.0,pass_plays,0.0758241381610762,0.4541062801932367,qb_war_2022_2025.csv,offensive_war_v1_2022_2025,00-0033119
2022,00-0029604,K.Cousins,MIN,MIN,QB,QB,QB WAR,28.655575123901464,28.655575123901464,0.6367905583089214,0.6367905583089214,14,690.0,pass_plays,0.0408199075839052,0.4786324786324786,qb_war_2022_2025.csv,offensive_war_v1_2022_2025,00-0029604
2022,00-0034869,S.Darnold,CAR,CAR,QB,QB,QB WAR,27.962111310416315,27.962111310416315,0.6213802513425848,0.6213802513425848,15,147.0,pass_plays,0.1792443032718994,0.4743589743589743,qb_war_2022_2025.csv,offensive_war_v1_2022_2025,00-0034869
2022,00-0029701,R.Tannehill,TEN,TEN,QB,QB,QB WAR,25.16311410547728,25.16311410547728,0.5591803134550506,0.5591803134550506,16,358.0,pass_plays,0.0678251054055991,0.4636118598382749,qb_war_2022_2025.csv,offensive_war_v1_2022_2025,00-0029701
2022,00-0030565,G.Smith,SEA,SEA,QB,QB,QB WAR,25.11988867141844,25.11988867141844,0.558219748253743,0.558219748253743,17,619.0,pass_plays,0.0385274366126049,0.4907975460122699,qb_war_2022_2025.csv,offensive_war_v1_2022_2025,00-0030565
2022,00-0036355,J.Herbert,LAC,LAC,QB,QB,QB WAR,20.51249943724036,20.51249943724036,0.4558333208275635,0.4558333208275635,18,736.0,pass_plays,0.027061344904011,0.4591029023746701,qb_war_2022_2025.csv,offensive_war_v1_2022_2025,00-0036355
2022,00-0034796,L.Jackson,BAL,BAL,QB,QB,QB WAR,18.886132920026466,18.886132920026466,0.4196918426672548,0.4196918426672548,19,352.0,pass_plays,0.0499633146032446,0.4576719576719577,qb_war_2022_2025.csv,offensive_war_v1_2022_2025,00-0034796
2022,00-0031280,D.Carr,LV,LV,QB,QB,QB WAR,16.706376166519448,16.706376166519448,0.3712528037004322,0.3712528037004322,20,532.0,pass_plays,0.0305977585467389,0.4157509157509158,qb_war_2022_2025.csv,offensive_war_v1_2022_2025,00-0031280
2022,00-0027973,A.Dalton,NO,NO,QB,QB,QB WAR,7.702702844093835,7.702702844093835,0.1711711743131963,0.1711711743131963,21,404.0,pass_plays,0.0185607297448044,0.491566265060241,qb_war_2022_2025.csv,offensive_war_v1_2022_2025,00-0027973
2022,00-0033869,M.Trubisky,PIT,PIT,QB,QB,QB WAR,1.828285043888408,1.828285043888408,0.0406285565308535,0.0406285565308535,22,191.0,pass_plays,0.0093758207378892,0.441025641025641,qb_war_2022_2025.csv,offensive_war_v1_2022_2025,00-0033869
2022,00-0032268,M.Mariota,ATL,ATL,QB,QB,QB WAR,0.7827167596852593,0.7827167596852593,0.0173937057707835,0.0173937057707835,23,326.0,pass_plays,0.0022173279311197,0.4702549575070821,qb_war_2022_2025.csv,offensive_war_v1_2022_2025,00-0032268
2022,00-0038102,K.Pickett,PIT,PIT,QB,QB,QB WAR,-0.867892360749897,-0.867892360749897,-0.0192864969055532,-0.0192864969055532,24,417.0,pass_plays,-0.0019503199117975,0.4449438202247191,qb_war_2022_2025.csv,offensive_war_v1_2022_2025,00-0038102
2022,00-0035228,K.Murray,ARI,ARI,QB,QB,QB WAR,-1.9303396221013247,-1.9303396221013247,-0.0428964360466961,-0.0428964360466961,25,418.0,pass_plays,-0.0043574257835244,0.4311512415349887,qb_war_2022_2025.csv,offensive_war_v1_2022_2025,00-0035228
2022,00-0023459,A.Rodgers,GB,GB,QB,QB,QB WAR,-3.676632659728206,-3.676632659728206,-0.0817029479939601,-0.0817029479939601,26,575.0,pass_plays,-0.0062527766321908,0.4506802721088435,qb_war_2022_2025.csv,offensive_war_v1_2022_2025,00-0023459
2022,00-0034401,M.White,NYJ,NYJ,QB,QB,QB WAR,-7.463803041489402,-7.463803041489402,-0.1658622898108755,-0.1658622898108755,27,184.0,pass_plays,-0.0403448813053481,0.427027027027027,qb_war_2022_2025.csv,offensive_war_v1_2022_2025,00-0034401
2022,00-0038122,D.Ridder,ATL,ATL,QB,QB,QB WAR,-9.047200866211345,-9.047200866211345,-0.2010489081380299,-0.2010489081380299,28,124.0,pass_plays,-0.0670163027126766,0.4,qb_war_2022_2025.csv,offensive_war_v1_2022_2025,00-0038122
2022,00-0031800,T.Heinicke,WAS,WAS,QB,QB,QB WAR,-11.74271160420282,-11.74271160420282,-0.2609491467600627,-0.2609491467600627,29,276.0,pass_plays,-0.0406322200837467,0.4394463667820069,qb_war_2022_2025.csv,offensive_war_v1_2022_2025,00-0031800
2022,00-0035993,T.Huntley,BAL,BAL,QB,QB,QB WAR,-13.008030238724576,-13.008030238724576,-0.2890673386383239,-0.2890673386383239,30,117.0,pass_plays,-0.0985456836267013,0.4166666666666667,qb_war_2022_2025.csv,offensive_war_v1_2022_2025,00-0035993
2022,00-0031503,J.Winston,NO,NO,QB,QB,QB WAR,-13.74864652068457,-13.74864652068457,-0.3055254782374348,-0.3055254782374348,31,125.0,pass_plays,-0.1074113009428482,0.4609375,qb_war_2022_2025.csv,offensive_war_v1_2022_2025,00-0031503
2022,00-0033662,C.Rush,DAL,DAL,QB,QB,QB WAR,-15.927446729575294,-15.927446729575294,-0.3539432606572287,-0.3539432606572287,32,168.0,pass_plays,-0.0936908631151487,0.388235294117647,qb_war_2022_2025.csv,offensive_war_v1_2022_2025,00-0033662
2022,00-0033275,P.Walker,CAR,CAR,QB,QB,QB WAR,-20.17625406446911,-20.17625406446911,-0.4483612014326468,-0.4483612014326468,33,113.0,pass_plays,-0.1754456875171227,0.3478260869565217,qb_war_2022_2025.csv,offensive_war_v1_2022_2025,00-0033275
2022,00-0033537,D.Watson,CLE,CLE,QB,QB,QB WAR,-20.5331054629228,-20.5331054629228,-0.4562912325093955,-0.4562912325093955,34,188.0,pass_plays,-0.102665527314614,0.42,qb_war_2022_2025.csv,offensive_war_v1_2022_2025,00-0033537
2022,00-0026498,M.Stafford,LA,LA,QB,QB,QB WAR,-27.854419167139515,-27.854419167139515,-0.6189870926031004,-0.6189870926031004,35,332.0,pass_plays,-0.082654062810503,0.4688427299703264,qb_war_2022_2025.csv,offensive_war_v1_2022_2025,00-0026498
2022,00-0026158,J.Flacco,NYJ,NYJ,QB,QB,QB WAR,-28.72121762627415,-28.72121762627415,-0.63824928058387,-0.63824928058387,36,201.0,pass_plays,-0.1421842456746245,0.396039603960396,qb_war_2022_2025.csv,offensive_war_v1_2022_2025,00-0026158
2022,00-0037013,Z.Wilson,NYJ,NYJ,QB,QB,QB WAR,-28.85955812840019,-28.85955812840019,-0.6413235139644488,-0.6413235139644488,37,265.0,pass_plays,-0.1038113601741014,0.3848920863309352,qb_war_2022_2025.csv,offensive_war_v1_2022_2025,00-0037013
2022,00-0036945,J.Fields,CHI,CHI,QB,QB,QB WAR,-31.990851277824184,-31.990851277824184,-0.7109078061738707,-0.7109078061738707,38,377.0,pass_plays,-0.0722141112366234,0.4085778781038374,qb_war_2022_2025.csv,offensive_war_v1_2022_2025,00-0036945
2022,00-0037327,S.Thompson,MIA,MIA,QB,QB,QB WAR,-32.984381763928646,-32.984381763928646,-0.7329862614206366,-0.7329862614206366,39,111.0,pass_plays,-0.2843481186545573,0.3362068965517241,qb_war_2022_2025.csv,offensive_war_v1_2022_2025,00-0037327
2022,00-0036972,M.Jones,NE,NE,QB,QB,QB WAR,-34.36608824816442,-34.36608824816442,-0.7636908499592092,-0.7636908499592092,40,478.0,pass_plays,-0.0690082093336634,0.3975903614457831,qb_war_2022_2025.csv,offensive_war_v1_2022_2025,00-0036972
2022,00-0032950,C.Wentz,WAS,WAS,QB,QB,QB WAR,-35.058697400324974,-35.058697400324974,-0.7790821644516661,-0.7790821644516661,41,309.0,pass_plays,-0.1092171258577101,0.3956386292834891,qb_war_2022_2025.csv,offensive_war_v1_2022_2025,00-0032950
2022,00-0036879,S.Ehlinger,IND,IND,QB,QB,QB WAR,-35.21958729938244,-35.21958729938244,-0.782657495541832,-0.782657495541832,42,115.0,pass_plays,-0.2795205341220828,0.365079365079365,qb_war_2022_2025.csv,offensive_war_v1_2022_2025,00-0036879
2022,00-0027688,C.McCoy,ARI,ARI,QB,QB,QB WAR,-36.05589199342328,-36.05589199342328,-0.8012420442982952,-0.8012420442982952,43,145.0,pass_plays,-0.2356594247936162,0.3856209150326797,qb_war_2022_2025.csv,offensive_war_v1_2022_2025,00-0027688
2022,00-0029263,R.Wilson,DEN,DEN,QB,QB,QB WAR,-42.57352041934415,-42.57352041934415,-0.9460782315409813,-0.9460782315409813,44,538.0,pass_plays,-0.0752182339564384,0.3780918727915194,qb_war_2022_2025.csv,offensive_war_v1_2022_2025,00-0029263
2022,00-0026143,M.Ryan,IND,IND,QB,QB,QB WAR,-43.5097517862795,-43.5097517862795,-0.9668833730284334,-0.9668833730284334,45,502.0,pass_plays,-0.0849799839575771,0.435546875,qb_war_2022_2025.csv,offensive_war_v1_2022_2025,00-0026143
2022,00-0034855,B.Mayfield,CAR,"CAR,LA",QB,QB,QB WAR,-54.52172661446462,-54.52172661446462,-1.2115939247658805,-1.2115939247658805,46,371.0,pass_plays,-0.1412479964105301,0.3601036269430052,qb_war_2022_2025.csv,offensive_war_v1_2022_2025,00-0034855
2022,00-0036898,D.Mills,HOU,HOU,QB,QB,QB WAR,-70.2176744053619,-70.2176744053619,-1.560392764563598,-1.560392764563598,47,511.0,pass_plays,-0.1329880197071248,0.375,qb_war_2022_2025.csv,offensive_war_v1_2022_2025,00-0036898
2023,00-0037834,B.Purdy,SF,SF,QB,QB,QB WAR,151.3882111909916,151.3882111909916,3.3641824709109245,3.3641824709109245,1,469.0,pass_plays,0.3114983769361967,0.5473251028806584,qb_war_2022_2025.csv,offensive_war_v1_2022_2025,00-0037834
2023,00-0033077,D.Prescott,DAL,DAL,QB,QB,QB WAR,136.19653333977206,136.19653333977206,3.0265896297727126,3.0265896297727126,2,631.0,pass_plays,0.206985612978377,0.506079027355623,qb_war_2022_2025.csv,offensive_war_v1_2022_2025,00-0033077
2023,00-0034857,J.Allen,BUF,BUF,QB,QB,QB WAR,108.71326885015938,108.71326885015938,2.415850418892431,2.415850418892431,3,604.0,pass_plays,0.1667381424082199,0.5076687116564417,qb_war_2022_2025.csv,offensive_war_v1_2022_2025,00-0034857
2023,00-0036212,T.Tagovailoa,MIA,MIA,QB,QB,QB WAR,105.43245789852465,105.43245789852465,2.342943508856103,2.342943508856103,4,589.0,pass_plays,0.1742685254521068,0.4975206611570248,qb_war_2022_2025.csv,offensive_war_v1_2022_2025,00-0036212
2023,00-0036264,J.Love,GB,GB,QB,QB,QB WAR,86.42972569800031,86.42972569800031,1.920660571066673,1.920660571066673,5,608.0,pass_plays,0.1367558950917726,0.4636075949367088,qb_war_2022_2025.csv,offensive_war_v1_2022_2025,00-0036264
2023,00-0033106,J.Goff,DET,DET,QB,QB,QB WAR,67.24052858622187,67.24052858622187,1.4942339685827082,1.4942339685827082,6,636.0,pass_plays,0.1045731393253839,0.4914463452566096,qb_war_2022_2025.csv,offensive_war_v1_2022_2025,00-0033106
2023,00-0033873,P.Mahomes,KC,KC,QB,QB,QB WAR,64.26734389441033,64.26734389441033,1.428163197653563,1.428163197653563,7,622.0,pass_plays,0.095635928414301,0.4836309523809524,qb_war_2022_2025.csv,offensive_war_v1_2022_2025,00-0033873
2023,00-0039163,C.Stroud,HOU,HOU,QB,QB,QB WAR,60.254318971850935,60.254318971850935,1.338984866041132,1.338984866041132,8,534.0,pass_plays,0.1081765152097862,0.466786355475763,qb_war_2022_2025.csv,offensive_war_v1_2022_2025,00-0039163
2023,00-0036389,J.Hurts,PHI,PHI,QB,QB,QB WAR,59.34652958310189,59.34652958310189,1.3188117685133751,1.3188117685133751,9,575.0,pass_plays,0.0952592770194251,0.463884430176565,qb_war_2022_2025.csv,offensive_war_v1_2022_2025,00-0036389
2023,00-0034796,L.Jackson,BAL,BAL,QB,QB,QB WAR,58.100209461006685,58.100209461006685,1.2911157658001486,1.2911157658001486,10,494.0,pass_plays,0.1037503740375119,0.4892857142857142,qb_war_2022_2025.csv,offensive_war_v1_2022_2025,00-0034796
2023,00-0026498,M.Stafford,LA,LA,QB,QB,QB WAR,52.24662372318861,52.24662372318861,1.1610360827375248,1.1610360827375248,11,551.0,pass_plays,0.092471900395024,0.4584070796460177,qb_war_2022_2025.csv,offensive_war_v1_2022_2025,00-0026498
2023,00-0034855,B.Mayfield,TB,TB,QB,QB,QB WAR,46.533701621937176,46.533701621937176,1.034082258265271,1.034082258265271,12,609.0,pass_plays,0.0728226942440331,0.4444444444444444,qb_war_2022_2025.csv,offensive_war_v1_2022_2025,00-0034855
2023,00-0030565,G.Smith,SEA,SEA,QB,QB,QB WAR,42.32332093221288,42.32332093221288,0.940518242938064,0.940518242938064,13,528.0,pass_plays,0.0772323374675417,0.4835766423357664,qb_war_2022_2025.csv,offensive_war_v1_2022_2025,00-0030565
2023,00-0035100,J.Browning,CIN,CIN,QB,QB,QB WAR,33.9385805179244,33.9385805179244,0.7541906781760978,0.7541906781760978,14,268.0,pass_plays,0.1195020440771986,0.4788732394366197,qb_war_2022_2025.csv,offensive_war_v1_2022_2025,00-0035100
2023,00-0031280,D.Carr,NO,NO,QB,QB,QB WAR,30.12117521744854,30.12117521744854,0.6693594492766342,0.6693594492766342,15,581.0,pass_plays,0.0510528393516076,0.4576271186440678,qb_war_2022_2025.csv,offensive_war_v1_2022_2025,00-0031280
2023,00-0036355,J.Herbert,LAC,LAC,QB,QB,QB WAR,26.585853876249608,26.585853876249608,0.5907967528055469,0.5907967528055469,16,486.0,pass_plays,0.0514233150411017,0.460348162475822,qb_war_2022_2025.csv,offensive_war_v1_2022_2025,00-0036355
2023,00-0029604,K.Cousins,MIN,MIN,QB,QB,QB WAR,22.075340919637323,22.075340919637323,0.4905631315474961,0.4905631315474961,17,326.0,pass_plays,0.0670983006675906,0.4559270516717325,qb_war_2022_2025.csv,offensive_war_v1_2022_2025,00-0029604
2023,00-0033319,N.Mullens,MIN,MIN,QB,QB,QB WAR,16.294372940154474,16.294372940154474,0.3620971764478772,0.3620971764478772,18,159.0,pass_plays,0.0993559325619175,0.4390243902439024,qb_war_2022_2025.csv,offensive_war_v1_2022_2025,00-0033319
2023,00-0031800,T.Heinicke,ATL,ATL,QB,QB,QB WAR,10.087074517028164,10.087074517028164,0.2241572114895147,0.2241572114895147,19,142.0,pass_plays,0.0650779001098591,0.4387096774193548,qb_war_2022_2025.csv,offensive_war_v1_2022_2025,00-0031800
2023,00-0036442,J.Burrow,CIN,CIN,QB,QB,QB WAR,3.4542672529000624,3.4542672529000624,0.0767614945088902,0.0767614945088902,20,388.0,pass_plays,0.0085927046092041,0.472636815920398,qb_war_2022_2025.csv,offensive_war_v1_2022_2025,00-0036442
2023,00-0028118,T.Taylor,NYG,NYG,QB,QB,QB WAR,2.735254750683596,2.735254750683596,0.0607834389040799,0.0607834389040799,21,192.0,pass_plays,0.0125470401407504,0.4357798165137614,qb_war_2022_2025.csv,offensive_war_v1_2022_2025,00-0028118
2023,00-0035289,G.Minshew,IND,IND,QB,QB,QB WAR,-0.5929341827440116,-0.5929341827440116,-0.0131763151720891,-0.0131763151720891,22,527.0,pass_plays,-0.0010819966838394,0.4233576642335766,qb_war_2022_2025.csv,offensive_war_v1_2022_2025,00-0035289
2023,00-0035228,K.Murray,ARI,ARI,QB,QB,QB WAR,-4.511824272915877,-4.511824272915877,-0.1002627616203528,-0.1002627616203528,23,289.0,pass_plays,-0.0147928664685766,0.4229508196721311,qb_war_2022_2025.csv,offensive_war_v1_2022_2025,00-0035228
2023,00-0039152,W.Levis,TEN,TEN,QB,QB,QB WAR,-5.541618705980241,-5.541618705980241,-0.1231470823551164,-0.1231470823551164,24,282.0,pass_plays,-0.0190433632507912,0.40893470790378,qb_war_2022_2025.csv,offensive_war_v1_2022_2025,00-0039152
2023,00-0036971,T.Lawrence,JAX,JAX,QB,QB,QB WAR,-6.536762167269544,-6.536762167269544,-0.1452613814948787,-0.1452613814948787,25,602.0,pass_plays,-0.0101660375851781,0.4665629860031104,qb_war_2022_2025.csv,offensive_war_v1_2022_2025,00-0036971
2023,00-0026158,J.Flacco,CLE,CLE,QB,QB,QB WAR,-10.700382880949896,-10.700382880949896,-0.237786286243331,-0.237786286243331,26,213.0,pass_plays,-0.0502365393471826,0.4272300469483568,qb_war_2022_2025.csv,offensive_war_v1_2022_2025,00-0026158
2023,00-0031345,J.Garoppolo,LV,LV,QB,QB,QB WAR,-16.55629394749999,-16.55629394749999,-0.3679176432777776,-0.3679176432777776,27,183.0,pass_plays,-0.0866821672643978,0.4712041884816754,qb_war_2022_2025.csv,offensive_war_v1_2022_2025,00-0031345
2023,00-0033869,M.Trubisky,PIT,PIT,QB,QB,QB WAR,-17.579463681355822,-17.579463681355822,-0.3906547484745738,-0.3906547484745738,28,114.0,pass_plays,-0.1440939646012772,0.4508196721311475,qb_war_2022_2025.csv,offensive_war_v1_2022_2025,00-0033869
2023,00-0036945,J.Fields,CHI,CHI,QB,QB,QB WAR,-18.248511835236577,-18.248511835236577,-0.4055224852274795,-0.4055224852274795,29,416.0,pass_plays,-0.0397571063948509,0.3986928104575163,qb_war_2022_2025.csv,offensive_war_v1_2022_2025,00-0036945
2023,00-0029701,R.Tannehill,TEN,TEN,QB,QB,QB WAR,-19.496621936213163,-19.496621936213163,-0.4332582652491814,-0.4332582652491814,30,260.0,pass_plays,-0.0727485893142282,0.4029850746268656,qb_war_2022_2025.csv,offensive_war_v1_2022_2025,00-0029701
2023,00-0033537,D.Watson,CLE,CLE,QB,QB,QB WAR,-19.563064396342952,-19.563064396342952,-0.4347347643631767,-0.4347347643631767,31,187.0,pass_plays,-0.0958973744918772,0.4068627450980392,qb_war_2022_2025.csv,offensive_war_v1_2022_2025,00-0033537
2023,00-0038579,A.O'Connell,LV,LV,QB,QB,QB WAR,-22.137132950373424,-22.137132950373424,-0.491936287786076,-0.491936287786076,32,367.0,pass_plays,-0.0603191633525161,0.4168937329700272,qb_war_2022_2025.csv,offensive_war_v1_2022_2025,00-0038579
2023,00-0038416,T.Bagent,CHI,CHI,QB,QB,QB WAR,-22.27765812181772,-22.27765812181772,-0.495059069373727,-0.495059069373727,33,149.0,pass_plays,-0.1392353632613607,0.4875,qb_war_2022_2025.csv,offensive_war_v1_2022_2025,00-0038416
2023,00-0029263,R.Wilson,DEN,DEN,QB,QB,QB WAR,-23.82559504616292,-23.82559504616292,-0.5294576676925093,-0.5294576676925093,34,491.0,pass_plays,-0.0452098577726051,0.4326375711574952,qb_war_2022_2025.csv,offensive_war_v1_2022_2025,00-0029263
2023,00-0035282,E.Stick,LAC,LAC,QB,QB,QB WAR,-25.622814637235063,-25.622814637235063,-0.569395880827446,-0.569395880827446,35,187.0,pass_plays,-0.1307286461083421,0.4183673469387755,qb_war_2022_2025.csv,offensive_war_v1_2022_2025,00-0035282
2023,00-0038122,D.Ridder,ATL,ATL,QB,QB,QB WAR,-29.20927238838091,-29.20927238838091,-0.6490949419640202,-0.6490949419640202,36,420.0,pass_plays,-0.066535927991756,0.4669703872437357,qb_war_2022_2025.csv,offensive_war_v1_2022_2025,00-0038122
2023,00-0033275,P.Walker,CLE,CLE,QB,QB,QB WAR,-35.696044127630664,-35.696044127630664,-0.7932454250584592,-0.7932454250584592,37,121.0,pass_plays,-0.2855683530210453,0.328,qb_war_2022_2025.csv,offensive_war_v1_2022_2025,00-0033275
2023,00-0038583,D.Thompson-Robinson,CLE,CLE,QB,QB,QB WAR,-39.28349131463101,-39.28349131463101,-0.872966473658467,-0.872966473658467,38,117.0,pass_plays,-0.3219958304477952,0.3524590163934426,qb_war_2022_2025.csv,offensive_war_v1_2022_2025,00-0038583
2023,00-0038102,K.Pickett,PIT,PIT,QB,QB,QB WAR,-42.8224416833214,-42.8224416833214,-0.95160981518492,-0.95160981518492,39,347.0,pass_plays,-0.1186217221144637,0.407202216066482,qb_war_2022_2025.csv,offensive_war_v1_2022_2025,00-0038102
2023,00-0038476,T.DeVito,NYG,NYG,QB,QB,QB WAR,-52.24359167202456,-52.24359167202456,-1.1609687038227678,-1.1609687038227678,40,215.0,pass_plays,-0.2204370956625508,0.3333333333333333,qb_war_2022_2025.csv,offensive_war_v1_2022_2025,00-0038476
2023,00-0035710,D.Jones,NYG,NYG,QB,QB,QB WAR,-52.50575695913626,-52.50575695913626,-1.166794599091917,-1.166794599091917,41,191.0,pass_plays,-0.2488424500432998,0.3933649289099526,qb_war_2022_2025.csv,offensive_war_v1_2022_2025,00-0035710
2023,00-0033949,J.Dobbs,ARI,"ARI,MIN",QB,QB,QB WAR,-55.7965996093432,-55.7965996093432,-1.2399244357631822,-1.2399244357631822,42,450.0,pass_plays,-0.1152822305978165,0.4070247933884297,qb_war_2022_2025.csv,offensive_war_v1_2022_2025,00-0033949
2023,00-0032156,T.Siemian,NYJ,NYJ,QB,QB,QB WAR,-57.393975382900834,-57.393975382900834,-1.275421675175574,-1.275421675175574,43,161.0,pass_plays,-0.3436764992988074,0.3413173652694611,qb_war_2022_2025.csv,offensive_war_v1_2022_2025,00-0032156
2023,00-0036972,M.Jones,NE,NE,QB,QB,QB WAR,-65.19322303028095,-65.19322303028095,-1.4487382895617988,-1.4487382895617988,44,368.0,pass_plays,-0.1715611132375814,0.4263157894736842,qb_war_2022_2025.csv,offensive_war_v1_2022_2025,00-0036972
2023,00-0038108,B.Zappe,NE,NE,QB,QB,QB WAR,-80.29737538995727,-80.29737538995727,-1.7843861197768285,-1.7843861197768285,45,236.0,pass_plays,-0.3264120950811271,0.3373983739837398,qb_war_2022_2025.csv,offensive_war_v1_2022_2025,00-0038108
2023,00-0037077,S.Howell,WAS,WAS,QB,QB,QB WAR,-94.34938552904342,-94.34938552904342,-2.0966530117565205,-2.0966530117565205,46,679.0,pass_plays,-0.1326995577061089,0.4149085794655415,qb_war_2022_2025.csv,offensive_war_v1_2022_2025,00-0037077
2023,00-0037013,Z.Wilson,NYJ,NYJ,QB,QB,QB WAR,-108.58671014196474,-108.58671014196474,-2.413038003154772,-2.413038003154772,47,413.0,pass_plays,-0.247914863337819,0.3744292237442922,qb_war_2022_2025.csv,offensive_war_v1_2022_2025,00-0037013
2023,00-0039150,B.Young,CAR,CAR,QB,QB,QB WAR,-141.4579250762421,-141.4579250762421,-3.1435094461387134,-3.1435094461387134,48,589.0,pass_plays,-0.2281579436713582,0.3709677419354839,qb_war_2022_2025.csv,offensive_war_v1_2022_2025,00-0039150
2024,00-0034796,L.Jackson,BAL,BAL,QB,QB,QB WAR,189.3860755238012,189.3860755238012,4.20857945608447,4.20857945608447,1,494.0,pass_plays,0.3513656317695754,0.5306122448979592,qb_war_2022_2025.csv,offensive_war_v1_2022_2025,00-0034796
2024,00-0034857,J.Allen,BUF,BUF,QB,QB,QB WAR,165.0997484732265,165.0997484732265,3.668883299405033,3.668883299405033,2,497.0,pass_plays,0.3051751358100305,0.5009242144177449,qb_war_2022_2025.csv,offensive_war_v1_2022_2025,00-0034857
2024,00-0033106,J.Goff,DET,DET,QB,QB,QB WAR,161.92997695539069,161.92997695539069,3.598443932342015,3.598443932342015,3,568.0,pass_plays,0.2782302009542795,0.5429553264604811,qb_war_2022_2025.csv,offensive_war_v1_2022_2025,00-0033106
2024,00-0034855,B.Mayfield,TB,TB,QB,QB,QB WAR,127.06108926871232,127.06108926871232,2.82357976152694,2.82357976152694,4,612.0,pass_plays,0.194283011114239,0.5214067278287462,qb_war_2022_2025.csv,offensive_war_v1_2022_2025,00-0034855
2024,00-0036442,J.Burrow,CIN,CIN,QB,QB,QB WAR,119.39250443481993,119.39250443481993,2.6531667652182205,2.6531667652182205,5,701.0,pass_plays,0.1651348609056983,0.5172890733056709,qb_war_2022_2025.csv,offensive_war_v1_2022_2025,00-0036442
2024,00-0039910,J.Daniels,WAS,WAS,QB,QB,QB WAR,106.51491726046685,106.51491726046685,2.366998161343708,2.366998161343708,6,528.0,pass_plays,0.177524862100778,0.4866666666666667,qb_war_2022_2025.csv,offensive_war_v1_2022_2025,00-0039910
2024,00-0033873,P.Mahomes,KC,KC,QB,QB,QB WAR,101.59235474333671,101.59235474333671,2.2576078831852606,2.2576078831852606,7,617.0,pass_plays,0.1553399919622885,0.5061162079510704,qb_war_2022_2025.csv,offensive_war_v1_2022_2025,00-0033873
2024,00-0037834,B.Purdy,SF,SF,QB,QB,QB WAR,96.80780343629615,96.80780343629615,2.1512845208065814,2.1512845208065814,8,482.0,pass_plays,0.1840452536811714,0.5057034220532319,qb_war_2022_2025.csv,offensive_war_v1_2022_2025,00-0037834
2024,00-0036212,T.Tagovailoa,MIA,MIA,QB,QB,QB WAR,94.58506781184946,94.58506781184946,2.101890395818877,2.101890395818877,9,421.0,pass_plays,0.2209931490931062,0.5350467289719626,qb_war_2022_2025.csv,offensive_war_v1_2022_2025,00-0036212
2024,00-0036355,J.Herbert,LAC,LAC,QB,QB,QB WAR,77.53027192132181,77.53027192132181,1.7228949315849291,1.7228949315849291,10,545.0,pass_plays,0.1346011665300726,0.4565972222222222,qb_war_2022_2025.csv,offensive_war_v1_2022_2025,00-0036355
2024,00-0036389,J.Hurts,PHI,PHI,QB,QB,QB WAR,74.2630199179421,74.2630199179421,1.6502893315098246,1.6502893315098246,11,399.0,pass_plays,0.1695502737852559,0.4817351598173516,qb_war_2022_2025.csv,offensive_war_v1_2022_2025,00-0036389
2024,00-0035228,K.Murray,ARI,ARI,QB,QB,QB WAR,67.89961298659588,67.89961298659588,1.5088802885910195,1.5088802885910195,12,570.0,pass_plays,0.1111286628258525,0.4991816693944353,qb_war_2022_2025.csv,offensive_war_v1_2022_2025,00-0035228
2024,00-0036264,J.Love,GB,GB,QB,QB,QB WAR,62.64487333099177,62.64487333099177,1.3921082962442617,1.3921082962442617,13,441.0,pass_plays,0.1382889036004233,0.4790286975717439,qb_war_2022_2025.csv,offensive_war_v1_2022_2025,00-0036264
2024,00-0034869,S.Darnold,MIN,MIN,QB,QB,QB WAR,52.058419417400025,52.058419417400025,1.1568537648311117,1.1568537648311117,14,593.0,pass_plays,0.0838299829587762,0.4943639291465378,qb_war_2022_2025.csv,offensive_war_v1_2022_2025,00-0034869
2024,00-0031280,D.Carr,NO,NO,QB,QB,QB WAR,40.96955309713359,40.96955309713359,0.9104345132696352,0.9104345132696352,15,290.0,pass_plays,0.1374817218024617,0.436241610738255,qb_war_2022_2025.csv,offensive_war_v1_2022_2025,00-0031280
2024,00-0039732,B.Nix,DEN,DEN,QB,QB,QB WAR,38.010071773271775,38.010071773271775,0.8446682616282617,0.8446682616282617,16,591.0,pass_plays,0.0592980838896595,0.4368174726989079,qb_war_2022_2025.csv,offensive_war_v1_2022_2025,00-0039732
2024,00-0026498,M.Stafford,LA,LA,QB,QB,QB WAR,36.862686665390456,36.862686665390456,0.8191708147864546,0.8191708147864546,17,546.0,pass_plays,0.067145148752988,0.4863387978142076,qb_war_2022_2025.csv,offensive_war_v1_2022_2025,00-0026498
2024,00-0030565,G.Smith,SEA,SEA,QB,QB,QB WAR,21.0569682781632,21.0569682781632,0.4679326284036266,0.4679326284036266,18,629.0,pass_plays,0.0322465057858548,0.4716692189892802,qb_war_2022_2025.csv,offensive_war_v1_2022_2025,00-0030565
2024,00-0029604,K.Cousins,ATL,ATL,QB,QB,QB WAR,16.18612560252004,16.18612560252004,0.3596916800560009,0.3596916800560009,19,478.0,pass_plays,0.0336509887786279,0.4802494802494803,qb_war_2022_2025.csv,offensive_war_v1_2022_2025,00-0029604
2024,00-0039917,M.Penix,ATL,ATL,QB,QB,QB WAR,15.410137770087331,15.410137770087331,0.3424475060019407,0.3424475060019407,20,109.0,pass_plays,0.1363729006202418,0.4778761061946903,qb_war_2022_2025.csv,offensive_war_v1_2022_2025,00-0039917
2024,00-0036945,J.Fields,PIT,PIT,QB,QB,QB WAR,12.619171416652383,12.619171416652383,0.2804260314811641,0.2804260314811641,21,177.0,pass_plays,0.0643835276359815,0.4336734693877551,qb_war_2022_2025.csv,offensive_war_v1_2022_2025,00-0036945
2024,00-0038579,A.O'Connell,LV,LV,QB,QB,QB WAR,5.063532488460272,5.063532488460272,0.112522944188006,0.112522944188006,22,254.0,pass_plays,0.0197024610445924,0.4474708171206226,qb_war_2022_2025.csv,offensive_war_v1_2022_2025,00-0038579
2024,00-0023459,A.Rodgers,NYJ,NYJ,QB,QB,QB WAR,4.439205625379048,4.439205625379048,0.0986490138973121,0.0986490138973121,23,627.0,pass_plays,0.0069038967735288,0.4339035769828926,qb_war_2022_2025.csv,offensive_war_v1_2022_2025,00-0023459
2024,00-0034771,M.Rudolph,TEN,TEN,QB,QB,QB WAR,4.022248774090041,4.022248774090041,0.0893833060908898,0.0893833060908898,24,237.0,pass_plays,0.0160889950963601,0.484,qb_war_2022_2025.csv,offensive_war_v1_2022_2025,00-0034771
2024,00-0026158,J.Flacco,IND,IND,QB,QB,QB WAR,3.103267898661818,3.103267898661818,0.0689615088591515,0.0689615088591515,25,267.0,pass_plays,0.0114935848098585,0.4592592592592592,qb_war_2022_2025.csv,offensive_war_v1_2022_2025,00-0026158
2024,00-0036971,T.Lawrence,JAX,JAX,QB,QB,QB WAR,3.0431977563876065,3.0431977563876065,0.0676266168086134,0.0676266168086134,26,305.0,pass_plays,0.0095698042653698,0.4371069182389937,qb_war_2022_2025.csv,offensive_war_v1_2022_2025,00-0036971
2024,00-0039851,D.Maye,NE,NE,QB,QB,QB WAR,2.386952461355921,2.386952461355921,0.0530433880301315,0.0530433880301315,27,374.0,pass_plays,0.0056967839173172,0.4821002386634845,qb_war_2022_2025.csv,offensive_war_v1_2022_2025,00-0039851
2024,00-0029263,R.Wilson,PIT,PIT,QB,QB,QB WAR,2.187042931289188,2.187042931289188,0.0486009540286486,0.0486009540286486,28,368.0,pass_plays,0.0056367085857968,0.422680412371134,qb_war_2022_2025.csv,offensive_war_v1_2022_2025,00-0029263
2024,00-0036972,M.Jones,JAX,JAX,QB,QB,QB WAR,-2.045768958323845,-2.045768958323845,-0.0454615324071965,-0.0454615324071965,29,279.0,pass_plays,-0.0069821466154397,0.4197952218430034,qb_war_2022_2025.csv,offensive_war_v1_2022_2025,00-0036972
2024,00-0039163,C.Stroud,HOU,HOU,QB,QB,QB WAR,-4.369104051435757,-4.369104051435757,-0.0970912011430168,-0.0970912011430168,30,583.0,pass_plays,-0.0070469420184447,0.4225806451612903,qb_war_2022_2025.csv,offensive_war_v1_2022_2025,00-0039163
2024,00-0039150,B.Young,CAR,CAR,QB,QB,QB WAR,-12.304094696571171,-12.304094696571171,-0.2734243265904705,-0.2734243265904705,31,414.0,pass_plays,-0.0272818064225524,0.4057649667405765,qb_war_2022_2025.csv,offensive_war_v1_2022_2025,00-0039150
2024,00-0035993,T.Huntley,MIA,MIA,QB,QB,QB WAR,-16.37467119132035,-16.37467119132035,-0.363881582029341,-0.363881582029341,32,149.0,pass_plays,-0.0998455560446362,0.3902439024390244,qb_war_2022_2025.csv,offensive_war_v1_2022_2025,00-0035993
2024,00-0033077,D.Prescott,DAL,DAL,QB,QB,QB WAR,-17.092715209329082,-17.092715209329082,-0.3798381157628684,-0.3798381157628684,33,307.0,pass_plays,-0.0546093137678245,0.4185303514376997,qb_war_2022_2025.csv,offensive_war_v1_2022_2025,00-0033077
2024,00-0031503,J.Winston,CLE,CLE,QB,QB,QB WAR,-22.588387294548337,-22.588387294548337,-0.5019641621010742,-0.5019641621010742,34,326.0,pass_plays,-0.067629902079486,0.4251497005988024,qb_war_2022_2025.csv,offensive_war_v1_2022_2025,00-0031503
2024,00-0035704,D.Lock,NYG,NYG,QB,QB,QB WAR,-24.1221728983426,-24.1221728983426,-0.5360482866298355,-0.5360482866298355,35,193.0,pass_plays,-0.1188284379228699,0.4334975369458128,qb_war_2022_2025.csv,offensive_war_v1_2022_2025,00-0035704
2024,00-0027973,A.Dalton,CAR,CAR,QB,QB,QB WAR,-25.986808882843917,-25.986808882843917,-0.5774846418409758,-0.5774846418409758,36,168.0,pass_plays,-0.1493494763381834,0.4137931034482758,qb_war_2022_2025.csv,offensive_war_v1_2022_2025,00-0027973
2024,00-0033119,J.Brissett,NE,NE,QB,QB,QB WAR,-31.37789823678565,-31.37789823678565,-0.6972866274841256,-0.6972866274841256,37,179.0,pass_plays,-0.1669037140254556,0.4095744680851064,qb_war_2022_2025.csv,offensive_war_v1_2022_2025,00-0033119
2024,00-0035710,D.Jones,NYG,NYG,QB,QB,QB WAR,-32.67702689072729,-32.67702689072729,-0.7261561531272731,-0.7261561531272731,38,371.0,pass_plays,-0.0846555100796043,0.4248704663212435,qb_war_2022_2025.csv,offensive_war_v1_2022_2025,00-0035710
2024,00-0033662,C.Rush,DAL,DAL,QB,QB,QB WAR,-33.84790198894915,-33.84790198894915,-0.7521755997544255,-0.7521755997544255,39,321.0,pass_plays,-0.1041473907352281,0.4061538461538461,qb_war_2022_2025.csv,offensive_war_v1_2022_2025,00-0033662
2024,00-0039918,C.Williams,CHI,CHI,QB,QB,QB WAR,-33.918361304895534,-33.918361304895534,-0.7537413623310119,-0.7537413623310119,40,636.0,pass_plays,-0.0494436753715678,0.4037900874635568,qb_war_2022_2025.csv,offensive_war_v1_2022_2025,00-0039918
2024,00-0039164,A.Richardson,IND,IND,QB,QB,QB WAR,-34.95492717725878,-34.95492717725878,-0.7767761594946396,-0.7767761594946396,41,277.0,pass_plays,-0.1172984133465059,0.3657718120805369,qb_war_2022_2025.csv,offensive_war_v1_2022_2025,00-0039164
2024,00-0035289,G.Minshew,LV,LV,QB,QB,QB WAR,-41.33502869492164,-41.33502869492164,-0.9185561932204808,-0.9185561932204808,42,333.0,pass_plays,-0.1201599671364001,0.4505813953488372,qb_war_2022_2025.csv,offensive_war_v1_2022_2025,00-0035289
2024,00-0033537,D.Watson,CLE,CLE,QB,QB,QB WAR,-55.96837346822771,-55.96837346822771,-1.2437416326272823,-1.2437416326272823,43,250.0,pass_plays,-0.2065253633513937,0.3468634686346863,qb_war_2022_2025.csv,offensive_war_v1_2022_2025,00-0033537
2024,00-0039152,W.Levis,TEN,TEN,QB,QB,QB WAR,-59.52811546787099,-59.52811546787099,-1.322847010397133,-1.322847010397133,44,344.0,pass_plays,-0.1635387787578873,0.3681318681318681,qb_war_2022_2025.csv,offensive_war_v1_2022_2025,00-0039152
2024,00-0038583,D.Thompson-Robinson,CLE,CLE,QB,QB,QB WAR,-67.73494204861345,-67.73494204861345,-1.5052209344136322,-1.5052209344136322,45,125.0,pass_plays,-0.5170606263252935,0.2977099236641221,qb_war_2022_2025.csv,offensive_war_v1_2022_2025,00-0038583
2024,00-0039376,S.Rattler,NO,NO,QB,QB,QB WAR,-73.88419525641928,-73.88419525641928,-1.6418710056982062,-1.6418710056982062,46,250.0,pass_plays,-0.2798643759712851,0.3787878787878788,qb_war_2022_2025.csv,offensive_war_v1_2022_2025,00-0039376
2025,,D.Maye,NE,NE,QB,QB,QB WAR,191.25965555794244,191.25965555794244,4.250214567954276,4.250214567954276,1,540.0,pass_plays,0.3177070690331269,0.553156146179402,qb_war_2025.csv,offensive_war_v1_2022_2025,2025_D.Maye_NE
2025,,M.Stafford,LA,LA,QB,QB,QB WAR,139.23713701684244,139.23713701684244,3.0941586003742763,3.0941586003742763,2,617.0,pass_plays,0.223136437526991,0.5272435897435898,qb_war_2025.csv,offensive_war_v1_2022_2025,2025_M.Stafford_LA
2025,,J.Love,GB,GB,QB,QB,QB WAR,127.1931184433472,127.1931184433472,2.826513743185493,2.826513743185493,3,461.0,pass_plays,0.2622538524605096,0.5051546391752577,qb_war_2025.csv,offensive_war_v1_2022_2025,2025_J.Love_GB
2025,,D.Prescott,DAL,DAL,QB,QB,QB WAR,113.91032310238684,113.91032310238684,2.5313405133863744,2.5313405133863744,4,631.0,pass_plays,0.1733794872182448,0.487062404870624,qb_war_2025.csv,offensive_war_v1_2022_2025,2025_D.Prescott_DAL
2025,,J.Goff,DET,DET,QB,QB,QB WAR,109.3703506834146,109.3703506834146,2.430452237409213,2.430452237409213,5,614.0,pass_plays,0.1766887733173095,0.4862681744749596,qb_war_2025.csv,offensive_war_v1_2022_2025,2025_J.Goff_DET
2025,,P.Mahomes,KC,KC,QB,QB,QB WAR,99.19911201882212,99.19911201882212,2.20442471152938,2.20442471152938,6,537.0,pass_plays,0.1684195450234671,0.499151103565365,qb_war_2025.csv,offensive_war_v1_2022_2025,2025_P.Mahomes_KC
2025,,J.Allen,BUF,BUF,QB,QB,QB WAR,89.26519151296364,89.26519151296364,1.983670922510303,1.983670922510303,7,506.0,pass_plays,0.1611285045360354,0.483754512635379,qb_war_2025.csv,offensive_war_v1_2022_2025,2025_J.Allen_BUF
2025,,B.Nix,DEN,DEN,QB,QB,QB WAR,79.36020346887986,79.36020346887986,1.7635600770862192,1.7635600770862192,8,638.0,pass_plays,0.1177451090042727,0.4510385756676557,qb_war_2025.csv,offensive_war_v1_2022_2025,2025_B.Nix_DEN
2025,,S.Darnold,SEA,SEA,QB,QB,QB WAR,69.19523651525515,69.19523651525515,1.5376719225612254,1.5376719225612254,9,502.0,pass_plays,0.1340992955721999,0.5251937984496124,qb_war_2025.csv,offensive_war_v1_2022_2025,2025_S.Darnold_SEA
2025,,C.Williams,CHI,CHI,QB,QB,QB WAR,68.77354048219743,68.77354048219743,1.5283008996043874,1.5283008996043874,10,594.0,pass_plays,0.1079647417302942,0.4474097331240188,qb_war_2025.csv,offensive_war_v1_2022_2025,2025_C.Williams_CHI
2025,,D.Jones,IND,IND,QB,QB,QB WAR,65.09443711503373,65.09443711503373,1.4465430470007494,1.4465430470007494,11,409.0,pass_plays,0.1510311766010063,0.5034802784222738,qb_war_2025.csv,offensive_war_v1_2022_2025,2025_D.Jones_IND
2025,,B.Purdy,SF,SF,QB,QB,QB WAR,63.768928214928685,63.768928214928685,1.4170872936650818,1.4170872936650818,12,298.0,pass_plays,0.2018004057434452,0.5316455696202531,qb_war_2025.csv,offensive_war_v1_2022_2025,2025_B.Purdy_SF
2025,,C.Stroud,HOU,HOU,QB,QB,QB WAR,52.52644336172861,52.52644336172861,1.1672542969273023,1.1672542969273023,13,446.0,pass_plays,0.1115211111713983,0.4607218683651805,qb_war_2025.csv,offensive_war_v1_2022_2025,2025_C.Stroud_HOU
2025,,T.Lawrence,JAX,JAX,QB,QB,QB WAR,51.27549418214086,51.27549418214086,1.139455426269797,1.139455426269797,14,600.0,pass_plays,0.0797441589146825,0.4696734059097978,qb_war_2025.csv,offensive_war_v1_2022_2025,2025_T.Lawrence_JAX
2025,,J.Hurts,PHI,PHI,QB,QB,QB WAR,43.487511672333056,43.487511672333056,0.966389148274068,0.966389148274068,15,486.0,pass_plays,0.0826758777040552,0.4429657794676806,qb_war_2025.csv,offensive_war_v1_2022_2025,2025_J.Hurts_PHI
2025,,M.Jones,SF,SF,QB,QB,QB WAR,40.68955767409059,40.68955767409059,0.9042123927575686,0.9042123927575686,16,304.0,pass_plays,0.1304152489554185,0.5224358974358975,qb_war_2025.csv,offensive_war_v1_2022_2025,2025_M.Jones_SF
2025,,B.Mayfield,TB,TB,QB,QB,QB WAR,37.204319939682655,37.204319939682655,0.8267626653262812,0.8267626653262812,17,584.0,pass_plays,0.0594318209899083,0.4488817891373802,qb_war_2025.csv,offensive_war_v1_2022_2025,2025_B.Mayfield_TB
2025,,J.Herbert,LAC,LAC,QB,QB,QB WAR,33.479670393680934,33.479670393680934,0.7439926754151318,0.7439926754151318,18,566.0,pass_plays,0.0544384884450096,0.4666666666666667,qb_war_2025.csv,offensive_war_v1_2022_2025,2025_J.Herbert_LAC
2025,,J.Burrow,CIN,CIN,QB,QB,QB WAR,24.269987266250155,24.269987266250155,0.5393330503611146,0.5393330503611146,19,278.0,pass_plays,0.084860095336539,0.4825174825174825,qb_war_2025.csv,offensive_war_v1_2022_2025,2025_J.Burrow_CIN
2025,,L.Jackson,BAL,BAL,QB,QB,QB WAR,22.37207239906449,22.37207239906449,0.4971571644236552,0.4971571644236552,20,338.0,pass_plays,0.0607936749974578,0.4646739130434782,qb_war_2025.csv,offensive_war_v1_2022_2025,2025_L.Jackson_BAL
2025,,J.Dart,NYG,NYG,QB,QB,QB WAR,20.5757194419989,20.5757194419989,0.4572382098221977,0.4572382098221977,21,375.0,pass_plays,0.0498201439273581,0.4455205811138014,qb_war_2025.csv,offensive_war_v1_2022_2025,2025_J.Dart_NYG
2025,,A.Rodgers,PIT,PIT,QB,QB,QB WAR,17.155914919633283,17.155914919633283,0.3812425537696285,0.3812425537696285,22,527.0,pass_plays,0.0318291556950524,0.4304267161410018,qb_war_2025.csv,offensive_war_v1_2022_2025,2025_A.Rodgers_PIT
2025,,K.Murray,ARI,ARI,QB,QB,QB WAR,15.236067261391852,15.236067261391852,0.3385792724753745,0.3385792724753745,23,177.0,pass_plays,0.0789433536859681,0.4455958549222797,qb_war_2025.csv,offensive_war_v1_2022_2025,2025_K.Murray_ARI
2025,,J.Flacco,CIN,CIN,QB,QB,QB WAR,12.46380585377632,12.46380585377632,0.2769734634172515,0.2769734634172515,24,264.0,pass_plays,0.0468564129841215,0.462406015037594,qb_war_2025.csv,offensive_war_v1_2022_2025,2025_J.Flacco_CIN
2025,,M.Penix,ATL,ATL,QB,QB,QB WAR,10.464865906110544,10.464865906110544,0.2325525756913454,0.2325525756913454,25,290.0,pass_plays,0.0345375112412889,0.462046204620462,qb_war_2025.csv,offensive_war_v1_2022_2025,2025_M.Penix_ATL
2025,,C.Wentz,MIN,MIN,QB,QB,QB WAR,8.415452234339153,8.415452234339153,0.1870100496519811,0.1870100496519811,26,188.0,pass_plays,0.0427180316463916,0.482233502538071,qb_war_2025.csv,offensive_war_v1_2022_2025,2025_C.Wentz_MIN
2025,,M.Mariota,WAS,WAS,QB,QB,QB WAR,7.081053412120531,7.081053412120531,0.1573567424915673,0.1573567424915673,27,244.0,pass_plays,0.0270269214203073,0.4809160305343511,qb_war_2025.csv,offensive_war_v1_2022_2025,2025_M.Mariota_WAS
2025,,T.Tagovailoa,MIA,MIA,QB,QB,QB WAR,6.834573918918265,6.834573918918265,0.1518794204204059,0.1518794204204059,28,415.0,pass_plays,0.0160436007486344,0.4436619718309859,qb_war_2025.csv,offensive_war_v1_2022_2025,2025_T.Tagovailoa_MIA
2025,,J.Daniels,WAS,WAS,QB,QB,QB WAR,5.711640498833238,5.711640498833238,0.1269253444185163,0.1269253444185163,29,205.0,pass_plays,0.0235046934108363,0.4650205761316872,qb_war_2025.csv,offensive_war_v1_2022_2025,2025_J.Daniels_WAS
2025,,J.Brissett,ARI,ARI,QB,QB,QB WAR,-0.616924246019277,-0.616924246019277,-0.0137094276893172,-0.0137094276893172,30,530.0,pass_plays,-0.001117616387716,0.4528985507246377,qb_war_2025.csv,offensive_war_v1_2022_2025,2025_J.Brissett_ARI
2025,,T.Shough,NO,NO,QB,QB,QB WAR,-1.827464777570848,-1.827464777570848,-0.0406103283904632,-0.0406103283904632,31,356.0,pass_plays,-0.0048602786637522,0.4468085106382978,qb_war_2025.csv,offensive_war_v1_2022_2025,2025_T.Shough_NO
2025,,B.Young,CAR,CAR,QB,QB,QB WAR,-6.432317618576004,-6.432317618576004,-0.1429403915239112,-0.1429403915239112,32,506.0,pass_plays,-0.0119337989212912,0.437847866419295,qb_war_2025.csv,offensive_war_v1_2022_2025,2025_B.Young_CAR
2025,,K.Cousins,ATL,ATL,QB,QB,QB WAR,-6.519408477052759,-6.519408477052759,-0.1448757439345057,-0.1448757439345057,33,281.0,pass_plays,-0.0230367790708578,0.4416961130742049,qb_war_2025.csv,offensive_war_v1_2022_2025,2025_K.Cousins_ATL
2025,,T.Taylor,NYJ,NYJ,QB,QB,QB WAR,-8.127480631102861,-8.127480631102861,-0.1806106806911747,-0.1806106806911747,34,147.0,pass_plays,-0.0480916013674725,0.4437869822485207,qb_war_2025.csv,offensive_war_v1_2022_2025,2025_T.Taylor_NYJ
2025,,J.Fields,NYJ,NYJ,QB,QB,QB WAR,-12.090402154598753,-12.090402154598753,-0.2686756034355278,-0.2686756034355278,35,233.0,pass_plays,-0.0463233799026772,0.4291187739463601,qb_war_2025.csv,offensive_war_v1_2022_2025,2025_J.Fields_NYJ
2025,,D.Mills,HOU,HOU,QB,QB,QB WAR,-13.098852062193266,-13.098852062193266,-0.2910856013820725,-0.2910856013820725,36,169.0,pass_plays,-0.0744252958079162,0.4034090909090909,qb_war_2025.csv,offensive_war_v1_2022_2025,2025_D.Mills_HOU
2025,,R.Wilson,NYG,NYG,QB,QB,QB WAR,-17.28709731614274,-17.28709731614274,-0.3841577181365053,-0.3841577181365053,37,129.0,pass_plays,-0.1226035270648421,0.375886524822695,qb_war_2025.csv,offensive_war_v1_2022_2025,2025_R.Wilson_NYG
2025,,S.Rattler,NO,NO,QB,QB,QB WAR,-28.02239911412901,-28.02239911412901,-0.622719980313978,-0.622719980313978,38,272.0,pass_plays,-0.097299996924059,0.4618055555555556,qb_war_2025.csv,offensive_war_v1_2022_2025,2025_S.Rattler_NO
2025,,D.Gabriel,CLE,CLE,QB,QB,QB WAR,-40.980709151403325,-40.980709151403325,-0.9106824255867404,-0.9106824255867404,39,204.0,pass_plays,-0.1906079495414108,0.3255813953488372,qb_war_2025.csv,offensive_war_v1_2022_2025,2025_D.Gabriel_CLE
2025,,J.McCarthy,MIN,MIN,QB,QB,QB WAR,-43.81474360231804,-43.81474360231804,-0.9736609689404008,-0.9736609689404008,40,273.0,pass_plays,-0.1510853227666139,0.4172413793103448,qb_war_2025.csv,offensive_war_v1_2022_2025,2025_J.McCarthy_MIN
2025,,J.Browning,CIN,CIN,QB,QB,QB WAR,-49.44162349758261,-49.44162349758261,-1.098702744390725,-1.098702744390725,41,134.0,pass_plays,-0.3582726340404537,0.391304347826087,qb_war_2025.csv,offensive_war_v1_2022_2025,2025_J.Browning_CIN
2025,,J.Flacco,CLE,CLE,QB,QB,QB WAR,-56.64266517817687,-56.64266517817687,-1.2587258928483749,-1.2587258928483749,42,168.0,pass_plays,-0.3331921481069227,0.3352941176470588,qb_war_2025.csv,offensive_war_v1_2022_2025,2025_J.Flacco_CLE
2025,,S.Sanders,CLE,CLE,QB,QB,QB WAR,-60.4256313172164,-60.4256313172164,-1.3427918070492533,-1.3427918070492533,43,235.0,pass_plays,-0.2388364874198276,0.3675889328063241,qb_war_2025.csv,offensive_war_v1_2022_2025,2025_S.Sanders_CLE
2025,,G.Smith,LV,LV,QB,QB,QB WAR,-67.55435842402933,-67.55435842402933,-1.5012079649784296,-1.5012079649784296,44,503.0,pass_plays,-0.1296628760537991,0.4241842610364683,qb_war_2025.csv,offensive_war_v1_2022_2025,2025_G.Smith_LV
2025,,B.Cook,NYJ,NYJ,QB,QB,QB WAR,-69.77943579265421,-69.77943579265421,-1.5506541287256492,-1.5506541287256492,45,173.0,pass_plays,-0.3876635321814123,0.3166666666666666,qb_war_2025.csv,offensive_war_v1_2022_2025,2025_B.Cook_NYJ
2025,,C.Ward,TEN,TEN,QB,QB,QB WAR,-102.79959729487082,-102.79959729487082,-2.2844354954415738,-2.2844354954415738,46,592.0,pass_plays,-0.1671538167396273,0.3788617886178861,qb_war_2025.csv,offensive_war_v1_2022_2025,2025_C.Ward_TEN
